<?xml version="1.0" encoding="UTF-8"?>
<classpath>
	<classpathentry kind="src" path="src"/>
	<classpathentry kind="con" path="org.eclipse.jdt.launching.JRE_CONTAINER/org.eclipse.jdt.internal.debug.ui.launcher.StandardVMType/JavaSE-1.8">
		<attributes>
			<attribute name="owner.project.facets" value="java"/>
		</attributes>
	</classpathentry>
	<classpathentry kind="con" path="org.eclipse.jst.j2ee.internal.web.container"/>
	<classpathentry kind="con" path="org.eclipse.jst.j2ee.internal.module.container"/>
	<classpathentry kind="lib" path="C:/Program Files/Apache Software Foundation/Tomcat 9.0/lib/servlet-api.jar"/>
	<classpathentry kind="output" path="build/classes"/>
</classpath>
